Tarih,HTTPS olmayan URL'ler,HTTPS URL'ler
2025-11-27,0,67
2025-11-28,0,67
2025-11-29,0,67
2025-11-30,0,67
2025-12-01,0,66
2025-12-02,0,66
2025-12-03,0,66
2025-12-04,0,66
2025-12-05,0,66
2025-12-06,0,66
2025-12-07,0,66
2025-12-08,0,66
2025-12-09,0,66
2025-12-10,0,66
2025-12-11,0,68
2025-12-12,0,68
2025-12-13,0,68
2025-12-14,0,68
2025-12-15,0,68
2025-12-16,0,68
2025-12-17,0,68
2025-12-18,0,68
2025-12-19,0,69
2025-12-20,0,68
2025-12-21,0,69
2025-12-22,0,69
2025-12-23,0,69
2025-12-24,0,69
2025-12-25,0,69
2025-12-26,0,69
2025-12-27,0,69
2025-12-28,0,69
2025-12-29,0,70
2025-12-30,0,73
2025-12-31,0,74
2026-01-01,0,73
2026-01-02,0,70
2026-01-03,0,68
2026-01-04,0,69
2026-01-05,0,69
2026-01-06,0,70
2026-01-07,0,70
2026-01-08,0,67
2026-01-09,0,67
2026-01-10,0,67
2026-01-11,0,66
2026-01-12,0,66
2026-01-13,0,67
2026-01-14,0,67
2026-01-15,0,67
2026-01-16,0,67
2026-01-17,0,67
2026-01-18,0,67
2026-01-19,0,67
2026-01-20,0,67
2026-01-21,0,66
2026-01-22,0,66
2026-01-23,0,66
2026-01-24,0,66
2026-01-25,0,66
2026-01-26,0,66
2026-01-27,0,66
2026-01-28,0,66
2026-01-29,0,66
2026-01-30,0,66
2026-01-31,0,66
2026-02-01,0,66
2026-02-02,0,66
2026-02-03,0,66
2026-02-04,0,66
2026-02-05,0,66
2026-02-06,0,68
2026-02-07,0,68
2026-02-08,0,68
2026-02-09,0,68
2026-02-10,0,68
2026-02-11,0,68
2026-02-12,0,69
2026-02-13,0,69
2026-02-14,0,69
2026-02-15,0,69
2026-02-16,0,68
2026-02-17,0,68
2026-02-18,0,68
2026-02-19,0,68
2026-02-20,0,68
2026-02-21,0,69
2026-02-22,0,69
2026-02-23,0,69
2026-02-24,0,69